{"cameraMode":{"drawMode":0,"name":"Shaded","section":"Shading Mode"},"sceneLighting":true,"audioPlay":false,"sceneViewState":{"m_AlwaysRefresh":false,"showFog":true,"showSkybox":true,"showFlares":true,"showImageEffects":true,"showParticleSystems":true,"showVisualEffectGraphs":true,"m_FxEnabled":true},"in2DMode":false,"pivot":{"x":-44.113983154296878,"y":0.5381220579147339,"z":-65.94247436523438},"rotation":{"x":0.06869924068450928,"y":-0.9041725993156433,"z":0.15445250272750855,"w":0.39288705587387087},"size":3.1170451641082765,"orthographic":false}